{
    "json_schema_result_output": {
        "description": "\n    Results returned from the following quantities:\n    'capacity' - 'cycling'\n    ",
        "properties": {
            "reservation_id": {
                "anyOf": [
                    {
                        "type": "string"
                    },
                    {
                        "type": "null"
                    }
                ],
                "description": "An ID associated with the reservation to identify the request once the request for the cycling experiment is received. This ID needs to be provided by the requester in the input for the cycling experiment (associated with the quantity 'capacity').This ID is only provided, if the requested number of channels was reserved.",
                "title": "Reservation Id"
            },
            "success": {
                "description": "Indicator for the success of the reservation. This is False, if the number of available channels is not sufficient to satisfy the request.",
                "title": "Success",
                "type": "boolean"
            }
        },
        "required": [
            "success",
            "reservation_id"
        ],
        "title": "CyclingChannelOutput",
        "type": "object"
    },
    "json_schema_specifications": {
        "description": "\n    Parameters to be used with the following quantities:\n    `cycling_channel` - `service`\n    ",
        "properties": {
            "cycling_protocol": {
                "anyOf": [
                    {
                        "type": "string"
                    },
                    {
                        "type": "null"
                    }
                ],
                "description": "The designation of the protocol to use for the cycling experiment.",
                "title": "Cycling Protocol"
            },
            "number_cycles": {
                "anyOf": [
                    {
                        "type": "integer"
                    },
                    {
                        "type": "null"
                    }
                ],
                "description": "The number of cycles, which are planned for the cycling experiment.",
                "title": "Number Cycles"
            },
            "number_required_channels": {
                "description": "The number of cycling channels required for the cycling experiment.",
                "title": "Number Required Channels",
                "type": "integer"
            }
        },
        "required": [
            "number_required_channels",
            "cycling_protocol",
            "number_cycles"
        ],
        "title": "CyclingChannelInput",
        "type": "object"
    },
    "method": "service",
    "quantity": "cycling_channel"
}